city,average_rent_brl,median_rent_brl,count,min_rent_brl,max_rent_brl
São Paulo,4652.7937829115,3400.0,5887,500,45000
Belo Horizonte,3664.1279809220987,2300.0,1258,450,15000
Rio de Janeiro,3232.904063957362,2300.0,1501,500,15000
Campinas,2364.290738569754,1500.0,853,500,15000
Porto Alegre,2337.6999161777035,1650.0,1193,500,19000
